[
  {
    "line": 2,
    "elements": [
      {
        "before": [
          {
            "result": {
              "duration": 270333,
              "status": "passed"
            },
            "match": {
              "location": "CucumberHook.checkReporterRunning(Scenario)"
            }
          }
        ],
        "line": 4,
        "name": "Test",
        "description": "",
        "id": "login-to-mobile-app;test",
        "after": [
          {
            "result": {
              "duration": 49113,
              "status": "passed"
            },
            "match": {
              "location": "CucumberHook.afterTest(Scenario)"
            }
          }
        ],
        "type": "scenario",
        "keyword": "Scenario",
        "steps": [
          {
            "result": {
              "duration": 124858398,
              "status": "passed"
            },
            "comments": [
              {
                "line": 5,
                "value": "#    Given I load property file \"/locators/th/en_android.csv\" into global property map"
              }
            ],
            "line": 6,
            "name": "I load environment property file \"uat\" into global property map for lbu \"th\"",
            "match": {
              "arguments": [
                {
                  "val": "uat",
                  "offset": 34
                },
                {
                  "val": "th",
                  "offset": 73
                }
              ],
              "location": "FileHandlingSteps.loadEnvironmentPropertyFile(String,String)"
            },
            "keyword": "And "
          },
          {
            "result": {
              "duration": 4160232,
              "status": "passed"
            },
            "line": 7,
            "name": "I load csv file \"/locators/th/en_android.csv\" with separator \"\u003d\" into global property map",
            "match": {
              "arguments": [
                {
                  "val": "/locators/th/en_android.csv",
                  "offset": 17
                },
                {
                  "val": "\u003d",
                  "offset": 62
                }
              ],
              "location": "FileHandlingSteps.loadCsvFile(String,String)"
            },
            "keyword": "And "
          }
        ]
      }
    ],
    "name": "Login to mobile app",
    "description": "",
    "id": "login-to-mobile-app",
    "keyword": "Feature",
    "uri": "features/TAPUsage.feature",
    "tags": [
      {
        "line": 1,
        "name": "@test_tap"
      }
    ]
  }
]