[
  {
    "source": "^I set endpoint url as \"([^\"]*)\"$",
    "steps": [
      {
        "name": "I set endpoint url as \"https://uat-api.eb.prudential.com.sg/graphql/hr-portal\"",
        "aggregatedDurations": {
          "average": 0.000274556,
          "median": 0.000274556
        },
        "durations": [
          {
            "duration": 0.000274556,
            "location": "features/Login.feature:16"
          }
        ]
      }
    ]
  },
  {
    "source": "^I set graphql request body from file \"([^\"]*)\"$",
    "steps": [
      {
        "name": "I set graphql request body from file \"/testdata/identityservice/login.graphql\"",
        "aggregatedDurations": {
          "average": 0.266102388,
          "median": 0.266102388
        },
        "durations": [
          {
            "duration": 0.266102388,
            "location": "features/Login.feature:22"
          }
        ]
      },
      {
        "name": "I set graphql request body from file \"/testdata/quotations/addEmployeeToPolicy.graphql\"",
        "aggregatedDurations": {
          "average": 0.00099827,
          "median": 0.00099827
        },
        "durations": [
          {
            "duration": 0.00099827,
            "location": "features/Login.feature:32"
          }
        ]
      }
    ]
  },
  {
    "source": "^I send request \"([^\"]*)\" to api$",
    "steps": [
      {
        "name": "I send request \"post\" to api",
        "aggregatedDurations": {
          "average": 1.087253816,
          "median": 1.087253816
        },
        "durations": [
          {
            "duration": 0.399349381,
            "location": "features/Login.feature:24"
          },
          {
            "duration": 1.775158251,
            "location": "features/Login.feature:33"
          }
        ]
      }
    ]
  },
  {
    "source": "I assign value to following variables",
    "steps": [
      {
        "name": "I assign value to following variables",
        "aggregatedDurations": {
          "average": 0.000750904,
          "median": 0.000750904
        },
        "durations": [
          {
            "duration": 0.000750904,
            "location": "features/Login.feature:8"
          }
        ]
      }
    ]
  },
  {
    "source": "^I get response value for node \"([^\"]*)\" into variable \"([^\"]*)\"$",
    "steps": [
      {
        "name": "I get response value for node \"data.login.token\" into variable \"LOGIN_TOKEN\"",
        "aggregatedDurations": {
          "average": 0.032650558,
          "median": 0.032650558
        },
        "durations": [
          {
            "duration": 0.032650558,
            "location": "features/Login.feature:27"
          }
        ]
      },
      {
        "name": "I get response value for node \"data.addEmployee.id\" into variable \"EMP_ID\"",
        "aggregatedDurations": {
          "average": 0.00071945,
          "median": 0.00071945
        },
        "durations": [
          {
            "duration": 0.00071945,
            "location": "features/Login.feature:35"
          }
        ]
      }
    ]
  },
  {
    "source": "I set system property \"([^\"]*)\" to value \"([^\"]*)\"",
    "steps": [
      {
        "name": "I set system property \"system.proxy.apply\" to value \"false\"",
        "aggregatedDurations": {
          "average": 0.000080316,
          "median": 0.000080316
        },
        "durations": [
          {
            "duration": 0.000080316,
            "location": "features/Login.feature:6"
          }
        ]
      }
    ]
  },
  {
    "source": "^I verify response code is (.*)$",
    "steps": [
      {
        "name": "I verify response code is 200",
        "aggregatedDurations": {
          "average": 0.000854337,
          "median": 0.000854337
        },
        "durations": [
          {
            "duration": 0.001622589,
            "location": "features/Login.feature:26"
          },
          {
            "duration": 0.000086085,
            "location": "features/Login.feature:34"
          }
        ]
      }
    ]
  },
  {
    "source": "I create connection for api service",
    "steps": [
      {
        "name": "I create connection for api service",
        "aggregatedDurations": {
          "average": 0.147146388,
          "median": 0.147146388
        },
        "durations": [
          {
            "duration": 0.147146388,
            "location": "features/Login.feature:15"
          }
        ]
      }
    ]
  },
  {
    "source": "I generate random number and assign to variable \"([^\"]*)\"",
    "steps": [
      {
        "name": "I generate random number and assign to variable \"RAND_NUM\"",
        "aggregatedDurations": {
          "average": 0.123793367,
          "median": 0.123793367
        },
        "durations": [
          {
            "duration": 0.123793367,
            "location": "features/Login.feature:5"
          }
        ]
      }
    ]
  },
  {
    "source": "^I set api headers as below$",
    "steps": [
      {
        "name": "I set api headers as below",
        "aggregatedDurations": {
          "average": 0.000252727,
          "median": 0.000252727
        },
        "durations": [
          {
            "duration": 0.000268669,
            "location": "features/Login.feature:19"
          },
          {
            "duration": 0.000236786,
            "location": "features/Login.feature:28"
          }
        ]
      }
    ]
  },
  {
    "source": "^I verify response value for node \"([^\"]*)\" is \"([^\"]*)\"$",
    "steps": [
      {
        "name": "I verify response value for node \"data.addEmployee.givenName\" is \"${EMP_GIVEN_NAME}\"",
        "aggregatedDurations": {
          "average": 0.001121579,
          "median": 0.001121579
        },
        "durations": [
          {
            "duration": 0.001121579,
            "location": "features/Login.feature:36"
          }
        ]
      }
    ]
  }
]