[
  {
    "source": "^I login to employee sdk using email \"([^\"]*)\"$",
    "steps": [
      {
        "name": "I login to employee sdk using email \"${login.id.global}\"",
        "aggregatedDurations": {
          "average": 25.88424854,
          "median": 25.88424854
        },
        "durations": [
          {
            "duration": 25.88424854,
            "location": "features/TAPUsage.feature:30"
          }
        ]
      }
    ]
  },
  {
    "source": "^I load environment property file \"([^\"]*)\" into global property map for lbu \"([^\"]*)\"$",
    "steps": [
      {
        "name": "I load environment property file \"uat\" into global property map for lbu \"th\"",
        "aggregatedDurations": {
          "average": 0.104847267,
          "median": 0.104847267
        },
        "durations": [
          {
            "duration": 0.104847267,
            "location": "features/TAPUsage.feature:6"
          }
        ]
      }
    ]
  },
  {
    "source": "^I load csv file \"([^\"]*)\" with separator \"([^\"]*)\" into global property map$",
    "steps": [
      {
        "name": "I load csv file \"/locators/th/en_android.csv\" with separator \"\u003d\" into global property map",
        "aggregatedDurations": {
          "average": 0.010773963,
          "median": 0.010773963
        },
        "durations": [
          {
            "duration": 0.010773963,
            "location": "features/TAPUsage.feature:7"
          }
        ]
      }
    ]
  },
  {
    "source": "^I launch \"([^\"]*)\" mobile application$",
    "steps": [
      {
        "name": "I launch \"${DEVICE_PLATFORM}\" mobile application",
        "aggregatedDurations": {
          "average": 8.64158419,
          "median": 8.64158419
        },
        "durations": [
          {
            "duration": 8.64158419,
            "location": "features/TAPUsage.feature:29"
          }
        ]
      }
    ]
  },
  {
    "source": "^I get device platform into variable \"([^\"]*)\"$",
    "steps": [
      {
        "name": "I get device platform into variable \"DEVICE_PLATFORM\"",
        "aggregatedDurations": {
          "average": 0.000331661,
          "median": 0.000331661
        },
        "durations": [
          {
            "duration": 0.000331661,
            "location": "features/TAPUsage.feature:28"
          }
        ]
      }
    ]
  }
]