[
  {
    "line": 2,
    "elements": [
      {
        "line": 4,
        "name": "",
        "description": "",
        "type": "background",
        "keyword": "Background",
        "steps": [
          {
            "result": {
              "duration": 104847267,
              "status": "passed"
            },
            "comments": [
              {
                "line": 5,
                "value": "#    Given I load property file \"/locators/th/en_android.csv\" into global property map"
              }
            ],
            "line": 6,
            "name": "I load environment property file \"uat\" into global property map for lbu \"th\"",
            "match": {
              "arguments": [
                {
                  "val": "uat",
                  "offset": 34
                },
                {
                  "val": "th",
                  "offset": 73
                }
              ],
              "location": "FileHandlingSteps.loadEnvironmentPropertyFile(String,String)"
            },
            "keyword": "And "
          },
          {
            "result": {
              "duration": 10773963,
              "status": "passed"
            },
            "line": 7,
            "name": "I load csv file \"/locators/th/en_android.csv\" with separator \"\u003d\" into global property map",
            "match": {
              "arguments": [
                {
                  "val": "/locators/th/en_android.csv",
                  "offset": 17
                },
                {
                  "val": "\u003d",
                  "offset": 62
                }
              ],
              "location": "FileHandlingSteps.loadCsvFile(String,String)"
            },
            "keyword": "And "
          }
        ]
      },
      {
        "comments": [
          {
            "line": 9,
            "value": "#  Scenario: Login to pulse SDK using TAP step without glue code"
          },
          {
            "line": 10,
            "value": "#    Given I get device platform into variable \"DEVICE_PLATFORM\""
          },
          {
            "line": 11,
            "value": "#    When I launch \"${DEVICE_PLATFORM}\" mobile application"
          },
          {
            "line": 12,
            "value": "#    And I enter text \"${login.id.global}\" on element \"${text.field.email}\""
          },
          {
            "line": 13,
            "value": "#    And I clear text on element \"${text.field.email}\""
          },
          {
            "line": 14,
            "value": "#    And I enter text \"${login.id.global}\" on element \"${text.field.email}\""
          },
          {
            "line": 15,
            "value": "#    And I swipe mobile down by duration \"6000\""
          },
          {
            "line": 16,
            "value": "#    And I swipe mobile down till element displayed \"${button.submit}\""
          },
          {
            "line": 17,
            "value": "#    And I click on element \"${button.submit}\""
          },
          {
            "line": 18,
            "value": "#    Then I verify element \"${text.group.insurance}\" is displayed"
          },
          {
            "line": 19,
            "value": "#    And I click on element \"${tile.make.claim}\""
          },
          {
            "line": 20,
            "value": "#    And I sleep for 5 sec"
          },
          {
            "line": 21,
            "value": "#    And I swipe mobile down till element displayed \"${button.permanent.dissability}\""
          },
          {
            "line": 22,
            "value": "#    And I click on element \"${button.permanent.dissability}\""
          },
          {
            "line": 23,
            "value": "#    And I click on element \"${button.arrow}\""
          },
          {
            "line": 24,
            "value": "#    And I sleep for 5 sec"
          },
          {
            "line": 25,
            "value": "#    And I swipe mobile down by duration \"6000\""
          }
        ],
        "before": [
          {
            "result": {
              "duration": 376637,
              "status": "passed"
            },
            "match": {
              "location": "CucumberHook.checkReporterRunning(Scenario)"
            }
          }
        ],
        "line": 27,
        "name": "Example of how to write custom gluecode",
        "description": "",
        "id": "login-to-mobile-app;example-of-how-to-write-custom-gluecode",
        "after": [
          {
            "result": {
              "duration": 175218,
              "status": "passed"
            },
            "match": {
              "location": "CucumberHook.afterTest(Scenario)"
            }
          }
        ],
        "type": "scenario",
        "keyword": "Scenario",
        "steps": [
          {
            "result": {
              "duration": 331661,
              "status": "passed"
            },
            "line": 28,
            "name": "I get device platform into variable \"DEVICE_PLATFORM\"",
            "match": {
              "arguments": [
                {
                  "val": "DEVICE_PLATFORM",
                  "offset": 37
                }
              ],
              "location": "UISteps.getDevicePlatform(String)"
            },
            "keyword": "Given "
          },
          {
            "result": {
              "duration": 8641584190,
              "status": "passed"
            },
            "line": 29,
            "name": "I launch \"${DEVICE_PLATFORM}\" mobile application",
            "match": {
              "arguments": [
                {
                  "val": "${DEVICE_PLATFORM}",
                  "offset": 10
                }
              ],
              "location": "UISteps.launchMobileApplication(String)"
            },
            "keyword": "When "
          },
          {
            "result": {
              "duration": 25884248540,
              "status": "passed"
            },
            "line": 30,
            "name": "I login to employee sdk using email \"${login.id.global}\"",
            "match": {
              "arguments": [
                {
                  "val": "${login.id.global}",
                  "offset": 37
                }
              ],
              "location": "LoginStep.loginToPulseApp(String)"
            },
            "keyword": "And "
          }
        ]
      }
    ],
    "name": "Login to mobile app",
    "description": "",
    "id": "login-to-mobile-app",
    "keyword": "Feature",
    "uri": "features/TAPUsage.feature",
    "tags": [
      {
        "line": 1,
        "name": "@test_tap"
      }
    ]
  }
]