[
  {
    "source": "^I load environment property file \"([^\"]*)\" into global property map for lbu \"([^\"]*)\"$",
    "steps": [
      {
        "name": "I load environment property file \"uat\" into global property map for lbu \"th\"",
        "aggregatedDurations": {
          "average": 0.124858398,
          "median": 0.124858398
        },
        "durations": [
          {
            "duration": 0.124858398,
            "location": "features/TAPUsage.feature:6"
          }
        ]
      }
    ]
  },
  {
    "source": "^I load csv file \"([^\"]*)\" with separator \"([^\"]*)\" into global property map$",
    "steps": [
      {
        "name": "I load csv file \"/locators/th/en_android.csv\" with separator \"\u003d\" into global property map",
        "aggregatedDurations": {
          "average": 0.004160232,
          "median": 0.004160232
        },
        "durations": [
          {
            "duration": 0.004160232,
            "location": "features/TAPUsage.feature:7"
          }
        ]
      }
    ]
  }
]